,pred_prob,circum,num_size,closed_loop,average_distance,variance_distance,k,b,right_1,left_1,longest_line_length,is_nine
0,0.996,61,0.125,False,5.334,8.264,0.722,4.944,60,38,22.204,True
1,0.987,77,0.18,False,5.823,7.049,-0.667,26.333,49,92,21.633,True
2,0.998,72,0.131,False,5.647,5.809,-0.444,24.556,26,77,19.698,True
3,0.997,80,0.129,False,6.189,4.497,-0.056,17.389,32,69,18.028,True
4,0.994,61,0.156,False,5.419,6.624,-0.611,24.278,40,82,21.095,True
5,0.999,77,0.154,False,5.85,5.062,-0.278,21.222,30,91,18.682,True
6,0.926,58,0.167,False,5.833,7.932,-0.632,22.789,70,61,22.472,True
7,0.993,60,0.115,False,5.138,7.381,-0.368,20.211,34,56,20.248,True
8,1.0,74,0.173,False,5.964,5.488,0.105,15.368,104,32,19.105,True
9,0.901,75,0.129,False,6.597,6.713,0.462,12.231,88,13,14.318,True
10,0.998,79,0.121,False,5.909,5.985,-0.222,20.778,21,74,18.439,True
11,0.995,64,0.125,False,5.359,5.911,0.0,16.0,74,24,19.0,True
12,1.0,68,0.131,False,5.445,6.107,-0.053,17.368,30,73,19.026,True
13,0.958,68,0.103,False,5.633,5.044,-0.353,21.824,24,57,18.028,True
14,0.953,71,0.117,False,5.42,6.005,0.105,15.474,66,26,19.105,True
15,0.999,72,0.139,False,5.958,5.16,0.0,17.0,85,24,19.0,True
16,0.935,70,0.136,False,5.465,4.273,-0.286,21.857,18,89,14.56,True
17,0.994,70,0.161,False,5.827,7.251,-0.158,18.947,38,88,19.235,True
18,0.999,53,0.167,False,5.515,7.329,0.158,14.895,106,25,19.235,True
19,0.997,72,0.172,False,6.192,7.616,0.368,10.421,82,53,20.248,True
20,1.0,60,0.179,False,5.53,5.839,0.389,7.278,60,80,19.313,True
21,0.983,78,0.11,False,6.19,4.295,-0.053,17.368,32,54,19.026,True
22,1.0,67,0.163,False,5.371,5.914,0.105,14.263,83,45,19.105,True
23,0.948,60,0.111,False,5.468,8.382,0.211,11.947,55,32,19.416,True
24,0.984,75,0.165,False,5.91,5.203,-0.263,19.579,39,90,19.647,True
25,0.996,72,0.153,False,5.404,5.334,-0.263,19.579,37,83,19.647,True
26,0.993,76,0.13,False,6.066,4.012,0.158,15.053,77,25,19.235,True
27,0.996,72,0.158,False,5.98,4.743,0.158,15.053,84,40,19.235,True
28,0.96,82,0.184,False,6.129,4.377,-0.167,19.167,39,105,18.248,True
29,1.0,68,0.149,False,5.395,7.047,0.158,13.895,89,28,19.235,True
30,0.991,72,0.156,False,5.9,5.225,0.263,13.684,95,27,19.647,True
31,0.996,60,0.145,False,5.401,6.56,0.105,12.263,58,56,19.105,True
32,0.967,74,0.101,False,6.224,4.366,-0.316,20.895,20,59,19.925,True
33,0.991,69,0.119,False,5.384,6.216,0.053,15.684,67,26,19.026,True
34,0.997,70,0.139,False,5.611,6.41,-0.053,16.316,30,79,19.026,True
35,0.991,69,0.111,False,5.278,6.61,-0.158,16.947,26,61,19.235,True
36,0.991,74,0.119,False,5.334,5.435,0.0,16.0,66,27,18.0,True
37,0.998,79,0.139,False,6.181,4.828,-0.053,18.368,21,88,19.026,True
38,0.997,65,0.096,False,5.541,6.186,-0.278,20.222,26,49,18.682,True
39,1.0,68,0.129,False,5.425,6.031,0.158,13.053,69,32,19.235,True
40,0.994,75,0.151,False,5.327,4.954,-0.211,20.474,23,95,19.416,True
41,0.982,69,0.116,False,5.568,6.86,-0.211,17.474,36,55,19.416,True
42,0.999,72,0.126,False,5.503,5.35,0.105,14.368,66,33,19.105,True
43,1.0,87,0.203,False,6.512,5.588,0.158,15.053,110,49,19.235,True
44,0.999,59,0.105,False,4.909,6.553,0.053,14.684,56,26,19.026,True
45,0.995,67,0.143,False,5.307,5.893,-0.105,16.632,34,78,19.105,True
46,0.987,67,0.108,False,5.27,5.994,-0.294,19.647,29,56,17.72,True
47,0.99,79,0.108,False,6.083,5.138,-0.235,20.882,20,65,17.464,True
48,0.998,61,0.165,False,5.333,6.131,-0.158,17.947,38,91,19.235,True
49,0.995,66,0.136,False,5.598,7.882,-0.316,19.211,44,63,19.925,True
50,1.0,65,0.143,False,5.439,6.655,-0.105,16.632,34,78,19.105,True
51,0.998,74,0.163,False,6.13,5.699,0.867,-2.667,26,102,19.849,True
52,0.996,63,0.121,False,5.474,6.071,-0.188,19.875,26,69,16.279,True
53,1.0,82,0.166,False,6.402,6.875,0.105,16.263,106,24,19.105,True
54,0.999,64,0.149,False,5.317,5.436,-0.211,18.263,40,77,19.416,True
55,1.0,70,0.126,False,5.368,6.869,0.105,15.263,81,18,19.105,True
56,0.998,88,0.176,False,6.684,4.59,-inf,inf,138,0,17.0,True
57,0.975,82,0.203,False,6.029,6.566,-0.722,26.056,71,88,22.204,True
58,0.999,74,0.156,False,5.852,4.509,0.211,12.737,68,54,19.416,True
59,0.999,78,0.167,False,6.119,5.867,-0.25,21.5,30,101,16.492,True
60,0.994,70,0.122,False,5.846,6.505,0.053,14.632,65,31,19.026,True
61,1.0,71,0.13,False,5.751,7.436,0.158,15.053,81,21,19.235,True
62,0.95,60,0.119,False,5.39,6.341,0.105,15.368,68,25,19.105,False
63,0.994,73,0.12,False,5.741,5.15,-0.222,18.556,29,65,18.439,True
64,0.959,63,0.114,False,5.435,6.484,-0.235,18.647,33,56,17.464,True
65,0.998,70,0.111,False,5.418,6.66,0.053,15.632,67,20,19.026,True
66,0.999,69,0.115,False,5.433,5.855,-0.176,19.412,23,67,17.263,True
67,0.998,65,0.148,False,5.415,6.044,-0.316,20.211,34,82,19.925,True
68,0.991,71,0.129,False,5.682,5.369,0.105,14.368,73,28,19.105,True
69,0.963,82,0.125,False,6.198,5.008,-0.053,17.368,32,66,19.026,True
70,0.999,73,0.168,False,5.543,5.861,-0.211,20.684,29,103,19.416,True
71,0.989,75,0.125,False,6.337,5.299,0.211,14.737,78,20,19.416,True
72,0.988,77,0.116,False,6.124,4.916,-0.118,19.941,17,74,17.117,True
73,0.993,64,0.213,False,5.695,5.313,0.105,15.474,116,51,19.105,False
74,1.0,58,0.124,False,4.969,6.523,0.158,12.895,64,33,19.235,True
75,0.971,69,0.111,False,5.795,6.54,-0.158,18.105,28,59,19.235,True
76,0.96,68,0.136,False,5.744,7.429,-0.421,21.947,40,67,20.616,True
77,0.972,75,0.117,False,5.716,3.88,-0.188,19.688,22,70,16.279,True
78,0.998,54,0.128,False,5.16,8.091,-0.611,23.889,44,56,21.095,True
79,0.998,64,0.122,False,5.123,5.97,-0.053,16.316,34,62,19.026,True
80,0.998,63,0.138,False,5.143,5.671,0.053,14.684,70,38,19.026,True
81,0.996,45,0.145,False,5.282,6.784,0.053,15.684,76,38,19.026,True
82,0.998,84,0.136,False,6.032,4.488,-0.053,18.368,26,81,19.026,True
83,0.99,62,0.115,False,5.311,5.978,-0.412,21.294,31,59,18.385,True
84,0.998,69,0.145,False,5.417,6.201,-0.526,22.158,40,74,21.471,True
85,0.997,62,0.107,False,5.805,7.836,0.158,14.053,58,26,19.235,True
86,0.999,75,0.124,False,6.108,6.838,0.0,18.0,78,19,16.0,True
87,1.0,74,0.133,False,5.675,6.26,-0.389,23.5,24,80,19.313,True
88,0.958,71,0.13,False,5.565,3.98,0.053,15.684,66,36,19.026,True
89,0.981,64,0.117,False,5.722,6.942,0.688,2.5,34,58,19.416,True
90,0.995,76,0.175,False,5.555,5.383,-0.316,20.211,40,97,19.925,True
91,0.999,75,0.173,False,6.091,5.282,0.158,16.053,108,28,19.235,True
92,0.996,75,0.139,False,5.877,6.192,-0.316,21.526,32,77,19.925,True
93,0.999,68,0.117,False,5.637,5.95,0.105,14.368,68,24,19.105,True
94,0.998,72,0.152,False,5.672,5.044,-0.368,21.211,36,83,20.248,True
95,0.93,49,0.126,False,5.182,6.891,-0.368,20.211,38,61,20.248,True
96,1.0,66,0.111,False,5.242,7.127,0.211,11.526,50,37,19.416,True
97,0.999,75,0.117,False,5.915,5.055,-0.615,28.385,19,73,15.264,True
98,0.999,82,0.163,False,6.194,5.709,-0.158,18.789,32,96,19.235,True
99,1.0,72,0.139,False,5.584,5.918,0.105,15.368,85,24,19.105,True
100,0.998,86,0.157,False,6.869,5.065,0.222,13.667,78,45,18.439,True
101,0.988,74,0.129,False,5.667,4.292,0.0,16.0,74,27,19.0,True
102,0.977,71,0.105,False,5.406,6.32,0.0,16.0,62,20,19.0,True
103,0.996,73,0.111,False,5.669,6.355,-0.471,23.235,25,62,18.788,True
104,0.979,73,0.103,False,5.887,7.058,0.056,16.556,63,18,18.028,True
105,0.995,69,0.105,False,5.567,6.374,-0.053,16.316,24,58,19.026,True
106,0.987,83,0.129,False,5.663,4.88,-0.053,18.316,26,75,19.026,True
107,0.997,63,0.119,False,5.604,7.159,0.105,15.368,71,22,19.105,True
108,0.998,63,0.131,False,5.117,5.839,-0.316,19.211,39,64,19.925,True
109,0.996,70,0.161,False,5.634,6.062,0.0,17.0,100,26,19.0,True
110,0.998,80,0.143,False,6.097,5.467,-0.111,19.889,19,93,18.111,True
111,0.997,78,0.159,False,5.981,6.382,-0.611,25.889,43,82,21.095,True
112,1.0,67,0.173,False,5.625,6.773,0.105,16.368,108,28,19.105,True
113,0.992,65,0.154,False,5.842,7.144,0.75,2.0,43,78,20.0,True
114,0.993,55,0.102,False,4.784,6.78,-0.211,18.263,26,54,19.416,True
115,0.998,73,0.117,False,6.067,7.062,0.211,13.526,71,21,19.416,True
116,1.0,73,0.131,False,5.358,5.834,-0.158,18.105,29,74,19.235,True
117,0.995,69,0.103,False,5.065,5.718,-0.316,20.211,23,58,19.925,True
118,0.996,78,0.117,False,6.05,6.953,0.158,14.895,69,23,19.235,True
119,0.993,72,0.108,False,5.762,6.598,0.0,16.0,67,18,19.0,True
120,0.99,73,0.152,False,6.37,7.601,0.222,13.444,91,28,18.439,True
121,0.996,80,0.154,False,6.114,4.684,0.105,16.368,94,27,19.105,True
122,0.998,66,0.163,False,5.562,5.337,-0.158,18.789,35,93,19.235,True
123,1.0,63,0.145,False,5.274,6.431,0.211,13.526,79,35,19.416,True
124,0.946,58,0.087,False,5.721,6.912,0.0,16.0,45,23,19.0,False
125,0.991,76,0.133,False,5.775,5.781,-0.368,21.211,29,75,20.248,True
126,0.988,80,0.177,False,6.664,7.615,0.529,8.824,89,50,19.235,True
127,0.994,77,0.142,False,5.558,4.819,-0.412,23.294,26,85,18.385,True
128,0.977,73,0.098,False,5.704,5.214,0.105,14.368,46,31,19.105,True
129,0.999,74,0.126,False,5.778,5.505,0.053,15.632,73,26,19.026,True
130,0.999,85,0.217,False,6.592,6.497,0.316,15.105,146,24,19.925,True
131,0.999,60,0.165,False,5.571,6.387,-0.105,17.737,38,91,19.105,True
132,0.999,79,0.154,False,6.192,5.749,0.316,12.105,75,46,19.925,True
133,0.998,71,0.107,False,5.225,6.036,-0.211,18.474,29,55,19.416,True
134,0.998,68,0.097,False,5.48,6.751,-0.211,18.474,24,52,19.416,True
135,0.944,83,0.115,False,6.261,3.857,-0.467,25.667,15,75,16.553,True
136,0.998,77,0.125,False,5.705,4.987,-0.105,18.632,22,76,19.105,True
137,0.998,68,0.119,False,5.243,6.195,0.105,14.368,66,27,19.105,True
138,0.998,73,0.136,False,5.228,5.429,-0.211,17.263,38,69,19.416,True
139,0.979,76,0.158,False,5.932,6.502,0.053,16.684,91,33,19.026,True
140,0.965,74,0.136,False,5.767,4.712,-0.105,17.737,40,67,19.105,True
141,0.997,68,0.139,False,5.347,5.894,-0.211,18.474,36,73,19.416,True
142,0.964,78,0.158,False,5.673,4.887,0.053,17.684,98,26,19.026,True
143,1.0,76,0.17,False,6.034,5.134,0.053,15.684,99,34,19.026,True
144,0.993,70,0.114,False,5.221,5.53,-0.053,16.316,30,59,19.026,True
145,1.0,86,0.19,False,6.921,7.265,0.211,15.526,125,24,19.416,True
146,0.991,97,0.227,False,7.235,6.608,-6.333,104.333,97,81,19.235,True
147,0.996,72,0.122,False,5.865,4.83,0.167,13.833,65,31,18.248,True
148,1.0,78,0.13,False,6.04,5.869,-0.176,20.412,22,80,17.263,True
149,0.998,52,0.162,False,5.123,5.837,-0.105,16.632,47,80,19.105,True
150,0.999,61,0.099,False,4.963,7.548,-0.105,17.737,23,55,19.105,True
151,0.993,69,0.212,False,5.882,3.962,0.733,-0.333,44,122,18.601,True
152,1.0,64,0.131,False,5.292,6.254,-0.053,17.368,27,76,19.026,True
153,1.0,74,0.154,False,5.636,5.769,0.053,15.632,83,38,19.026,True
154,0.999,63,0.126,False,5.252,5.949,-0.053,15.316,33,66,19.026,True
155,0.94,58,0.119,False,5.43,7.087,-0.211,18.263,37,56,19.416,True
156,0.999,64,0.102,False,5.221,6.868,-0.158,18.105,25,55,19.235,True
157,0.998,75,0.13,False,5.726,6.118,-0.263,19.579,33,69,19.647,True
158,0.999,67,0.122,False,5.366,5.883,-0.053,16.316,35,61,19.026,True
159,0.992,80,0.115,False,5.808,4.173,-0.188,20.688,16,74,16.279,True
160,0.996,66,0.124,False,5.184,4.872,-0.053,17.316,24,73,19.026,True
161,0.947,101,0.156,False,6.915,5.429,-1.333,32.667,56,66,20.0,True
162,1.0,66,0.129,False,5.428,5.521,0.053,15.684,71,30,19.026,True
163,1.0,66,0.119,False,5.019,6.023,-0.263,19.842,22,71,19.647,True
164,0.997,56,0.131,False,4.906,6.048,-0.158,18.105,31,72,19.235,False
165,0.998,68,0.143,False,5.228,6.135,-0.5,22.0,52,60,20.125,True
166,0.993,72,0.17,False,6.148,6.766,0.421,10.895,94,39,20.616,True
167,1.0,68,0.166,False,5.611,6.407,0.211,13.526,96,34,19.416,True
168,1.0,56,0.107,False,5.245,7.742,0.105,15.263,62,22,19.105,True
169,0.999,64,0.172,False,5.596,5.475,-0.158,17.947,51,84,19.235,True
170,0.987,63,0.212,False,5.551,5.669,-0.211,20.474,30,136,19.416,True
171,1.0,75,0.147,False,5.93,5.357,0.211,13.737,82,33,19.416,True
172,1.0,61,0.131,False,5.129,6.039,0.0,15.0,72,31,19.0,True
173,0.997,72,0.122,False,5.705,5.175,-0.263,20.579,23,73,19.647,True
174,0.993,66,0.148,False,5.373,5.049,0.222,12.444,68,48,18.439,True
175,0.978,69,0.092,False,6.054,5.042,-0.053,18.368,17,55,19.026,True
176,0.97,71,0.154,False,5.293,5.184,-0.316,20.895,40,81,19.925,True
177,0.969,64,0.143,False,5.043,4.808,-0.278,19.944,32,80,18.682,True
178,0.987,58,0.115,False,4.8,6.361,-0.389,20.722,31,59,19.313,True
179,0.999,70,0.147,False,5.75,7.362,0.316,10.789,66,49,19.925,True
180,0.998,80,0.138,False,6.185,7.297,0.263,13.421,88,20,19.647,True
181,1.0,84,0.165,False,6.833,5.121,0.158,16.053,106,23,19.235,True
182,1.0,75,0.145,False,5.466,5.933,0.053,14.632,77,37,19.026,True
183,0.994,71,0.126,False,5.347,5.638,0.053,15.684,64,35,19.026,True
184,0.983,70,0.111,False,5.974,6.582,0.125,14.75,64,23,16.125,True
185,0.995,60,0.103,False,5.215,8.123,0.263,11.421,54,27,19.647,True
186,0.999,72,0.128,False,5.808,5.257,0.105,14.368,62,38,19.105,True
187,0.999,82,0.149,False,6.394,4.321,0.158,15.053,84,33,19.235,True
188,0.978,75,0.128,False,6.408,7.98,0.353,11.529,72,28,18.028,True
189,0.972,67,0.093,False,5.388,5.316,-0.067,16.533,23,50,15.033,True
190,0.944,66,0.107,False,4.942,6.384,-0.389,21.111,27,57,19.313,True
191,0.95,81,0.191,False,6.974,2.881,0.316,13.421,100,50,19.925,True
192,0.999,88,0.167,False,6.627,4.269,-0.111,19.778,25,106,18.111,True
193,0.998,60,0.112,False,5.359,5.976,-0.053,15.368,33,55,19.026,True
194,0.996,67,0.143,False,5.567,6.392,-0.105,17.737,32,80,19.105,True
195,0.989,75,0.145,False,5.966,6.544,-0.333,21.333,35,79,18.974,True
196,0.991,61,0.085,False,5.181,6.634,-0.294,20.647,21,46,17.72,True
197,0.993,63,0.098,False,5.049,6.487,-0.316,20.895,20,57,19.925,True
198,0.998,76,0.175,False,5.54,5.084,-0.316,20.895,32,105,19.925,True
199,1.0,60,0.217,False,5.805,6.453,0.556,4.111,63,107,20.591,True
200,0.994,64,0.121,False,5.027,5.284,-0.2,20.0,22,73,15.297,True
201,0.997,74,0.124,False,5.818,5.213,0.053,16.632,75,22,19.026,True
202,0.979,69,0.2,False,5.629,6.137,-0.421,22.526,45,112,20.616,True
203,0.997,91,0.194,False,6.694,4.92,-0.105,18.526,49,103,19.105,True
204,0.944,70,0.151,False,5.389,5.322,-0.105,18.632,33,85,19.105,True
205,0.997,81,0.139,False,5.97,5.014,-0.211,19.263,29,80,19.416,True
206,0.949,65,0.099,False,5.288,5.382,-0.222,18.778,25,53,18.439,True
207,0.999,51,0.203,False,5.334,5.566,-0.263,19.842,48,111,19.647,True
208,0.985,72,0.139,False,5.755,4.688,-0.167,18.0,37,72,18.248,True
209,0.998,73,0.151,False,5.804,4.618,-0.053,16.316,51,67,19.026,True
210,0.949,92,0.202,False,6.69,4.454,-0.467,25.667,37,121,16.553,True
211,1.0,66,0.12,False,5.488,6.203,-0.222,19.556,27,67,18.439,True
212,0.986,67,0.158,False,5.466,6.015,-0.316,19.895,43,81,19.925,True
213,0.999,86,0.151,False,6.586,6.935,0.211,15.526,95,23,19.416,True
214,0.998,65,0.128,False,5.296,6.495,0.105,15.368,74,26,19.105,True
215,1.0,56,0.151,False,5.412,6.643,0.389,8.278,64,54,19.313,True
216,0.988,67,0.111,False,5.433,6.098,-0.176,19.588,25,62,17.263,True
217,0.995,67,0.097,False,5.537,5.868,0.0,16.0,55,21,18.0,True
218,0.99,76,0.114,False,5.838,4.056,0.0,17.0,67,22,18.0,True
219,0.926,71,0.101,False,6.007,3.71,-0.105,17.632,33,46,19.105,True
220,0.991,51,0.136,False,5.269,6.641,-0.368,19.211,48,59,20.248,True
221,0.903,73,0.167,False,5.875,5.082,0.263,13.421,95,36,19.647,True
222,0.996,70,0.106,False,5.507,6.603,-0.158,17.947,27,56,19.235,True
223,0.999,70,0.151,False,5.801,5.28,0.105,14.368,81,37,19.105,True
224,1.0,73,0.111,False,5.54,6.648,0.0,16.0,63,24,18.0,True
225,0.936,76,0.136,False,5.292,5.114,-0.053,17.263,32,75,19.026,True
226,0.997,82,0.202,False,6.21,5.281,-0.263,19.579,51,107,19.647,True
227,0.999,82,0.144,False,5.975,4.319,-0.235,20.882,26,87,17.464,True
228,0.997,66,0.144,False,5.703,7.908,0.316,12.105,85,28,19.925,True
229,0.997,74,0.134,False,5.745,4.736,0.056,15.667,70,35,18.028,True
230,0.986,66,0.143,False,5.141,5.592,-0.316,20.895,29,83,19.925,True
231,1.0,74,0.202,False,5.778,6.315,-0.526,24.158,45,113,21.471,True
232,1.0,79,0.168,False,6.022,5.18,0.053,15.632,91,41,19.026,True
233,1.0,79,0.184,False,5.833,6.359,0.105,17.368,125,19,19.105,True
234,1.0,52,0.13,False,4.837,6.71,-0.105,16.737,31,71,19.105,True
235,0.999,59,0.093,False,5.077,6.902,-0.105,16.737,21,52,19.105,True
236,0.984,62,0.115,False,4.936,5.027,0.0,16.0,70,20,19.0,True
237,0.999,92,0.198,False,7.104,8.039,-6.0,75.0,105,50,18.248,True
238,0.996,68,0.134,False,6.052,6.446,0.105,14.263,73,32,19.105,True
239,0.97,80,0.144,False,5.977,6.706,-0.263,20.842,30,83,19.647,True
240,0.983,78,0.128,False,5.411,5.215,-0.412,22.294,27,73,18.385,True
241,0.992,74,0.117,False,5.323,5.629,-0.105,18.632,27,65,19.105,True
242,0.997,69,0.148,False,5.6,5.296,0.053,15.684,76,40,19.026,True
243,0.997,80,0.139,False,6.121,4.561,-0.105,18.632,25,84,19.105,True
244,1.0,71,0.145,False,5.682,6.212,0.053,15.684,84,30,19.026,True
245,0.996,84,0.138,False,6.01,6.403,-0.222,19.333,39,69,18.439,True
246,0.999,75,0.128,False,5.457,5.507,0.0,16.0,77,23,19.0,True
247,0.999,72,0.133,False,5.732,6.363,-0.167,18.167,30,74,18.248,True
248,1.0,71,0.163,False,5.79,5.087,0.105,15.368,85,43,19.105,True
249,1.0,64,0.126,False,5.198,5.906,0.0,15.0,68,31,19.0,True
250,0.996,88,0.167,False,6.521,6.251,-0.211,21.474,28,103,19.416,True
251,0.999,81,0.139,False,6.232,5.631,-0.056,18.389,23,86,18.028,True
252,0.999,78,0.161,False,5.819,6.244,0.389,9.889,68,58,19.313,True
253,0.995,75,0.138,False,5.638,6.46,-0.105,17.737,30,78,19.105,True
254,0.919,62,0.099,False,5.22,5.342,-0.231,20.538,18,60,13.342,True
255,1.0,68,0.148,False,5.541,5.814,-0.053,17.316,28,88,19.026,True
256,0.998,73,0.165,False,5.401,5.7,0.053,15.684,96,33,19.026,True
257,0.998,64,0.142,False,5.244,5.663,0.158,14.053,79,32,19.235,True
258,1.0,74,0.2,False,5.927,5.497,0.211,12.737,94,63,19.416,True
259,0.908,82,0.119,False,6.097,6.911,0.0,17.0,65,28,16.0,True
260,0.999,72,0.139,False,5.665,6.351,-0.133,19.333,25,84,15.133,True
261,0.999,67,0.13,False,5.332,5.902,0.053,14.632,67,35,19.026,True
262,1.0,83,0.156,False,6.563,4.509,0.158,16.053,100,22,19.235,True
263,0.906,64,0.124,False,5.403,5.55,0.105,14.368,66,31,19.105,False
264,0.996,79,0.138,False,6.162,5.522,-0.158,19.947,23,85,19.235,True
265,0.999,96,0.154,False,6.793,7.279,-0.059,19.529,21,100,17.029,True
266,1.0,65,0.134,False,5.263,6.531,-0.053,17.368,28,77,19.026,True
267,0.957,69,0.145,False,5.611,6.678,-0.118,16.941,40,74,17.117,True
268,0.997,105,0.181,False,7.391,6.11,0.316,14.105,116,26,19.925,True
269,0.995,85,0.138,False,6.347,3.904,0.105,15.474,70,38,19.105,True
270,0.997,71,0.171,False,5.729,6.278,-0.529,25.765,34,100,19.235,True
271,0.998,74,0.148,False,5.685,5.819,-0.368,23.211,27,89,20.248,True
272,0.999,84,0.171,False,6.649,4.446,0.158,15.053,102,32,19.235,True
273,0.99,69,0.13,False,5.465,7.333,-0.588,24.706,27,75,19.723,True
274,0.999,79,0.133,False,6.18,5.568,0.105,15.368,74,30,19.105,True
275,0.998,64,0.221,False,5.756,6.321,-0.667,25.667,55,118,21.633,True
276,0.996,70,0.139,False,5.39,5.36,-0.111,18.889,23,86,18.111,True
277,0.999,82,0.17,False,6.585,4.212,0.111,15.222,84,49,18.111,True
278,0.997,69,0.139,False,5.707,5.739,0.111,15.333,86,23,18.111,True
279,0.993,82,0.124,False,6.057,6.274,-0.053,18.368,19,78,19.026,True
280,1.0,82,0.119,False,5.806,6.492,-0.158,19.105,20,73,19.235,True
281,0.986,71,0.129,False,5.855,8.348,-0.263,18.579,40,61,19.647,True
282,1.0,77,0.199,False,5.783,5.827,-0.211,20.474,28,128,19.416,True
283,0.999,67,0.166,False,5.297,5.066,-0.053,16.316,52,78,19.026,True
284,0.98,65,0.117,False,5.07,4.385,-0.158,18.105,29,63,19.235,True
285,1.0,63,0.138,False,5.169,5.854,0.158,13.053,71,37,19.235,True
286,0.996,70,0.121,False,5.55,5.71,-0.316,19.895,29,66,19.925,True
287,0.999,79,0.194,False,5.8,6.203,-0.053,15.368,58,94,19.026,True
288,0.988,67,0.108,False,5.411,5.91,0.053,15.632,57,28,19.026,True
289,0.993,82,0.134,False,5.733,5.885,-0.368,23.211,20,85,20.248,True
290,0.984,74,0.142,False,5.52,5.598,-0.263,19.579,32,79,19.647,True
291,0.946,70,0.122,False,5.473,4.68,-0.316,20.579,29,67,19.925,True
292,0.999,67,0.103,False,5.269,6.155,0.158,13.053,55,26,19.235,True
293,0.986,77,0.145,False,6.183,6.554,0.211,13.526,87,27,19.416,True
294,0.996,70,0.175,False,5.449,5.351,-0.105,16.632,42,95,19.105,True
295,0.998,83,0.186,False,5.895,4.486,-0.211,20.263,48,98,19.416,True
296,0.969,81,0.158,False,5.933,4.808,-0.053,17.263,40,84,19.026,True
297,1.0,77,0.125,False,5.94,5.505,0.105,15.368,74,24,19.105,True
298,1.0,59,0.12,False,5.176,7.518,-0.421,20.526,36,58,20.616,True
299,1.0,75,0.203,False,6.05,6.545,0.588,5.294,64,95,19.723,True
300,0.991,83,0.14,False,6.36,4.908,0.158,15.895,80,30,19.235,True
301,0.998,63,0.151,False,5.322,5.537,-0.105,16.632,42,76,19.105,True
302,0.997,95,0.166,False,7.418,3.541,1.231,-10.769,31,99,20.616,True
303,0.994,71,0.152,False,6.192,6.069,2.8,-24.8,61,58,14.866,True
304,0.964,62,0.125,False,5.38,6.438,-0.211,18.263,38,60,19.416,True
305,0.998,78,0.159,False,6.168,4.029,0.158,16.053,101,24,19.235,True
306,1.0,75,0.158,False,5.394,5.827,-0.316,21.211,28,96,19.925,True
307,0.997,72,0.168,False,6.028,8.768,1.071,-3.571,34,98,20.518,True
308,0.994,67,0.117,False,5.365,5.684,-0.105,16.632,29,63,19.105,True
309,0.988,89,0.148,False,6.661,6.448,5.667,-85.667,34,82,17.263,True
310,0.997,71,0.142,False,5.782,6.945,0.211,12.737,74,37,19.416,True
311,0.999,74,0.166,False,5.728,5.108,-0.316,20.895,35,95,19.925,True
312,0.992,67,0.088,False,5.124,6.355,-0.533,24.333,20,49,17.0,True
313,0.992,86,0.139,False,6.805,2.801,-0.059,19.471,18,91,17.029,True
314,0.987,74,0.11,False,5.84,3.496,-0.188,20.688,18,68,16.279,True
315,0.999,89,0.156,False,6.974,4.816,0.105,18.368,112,10,19.105,True
316,1.0,82,0.185,False,6.575,4.567,0.263,14.421,112,33,19.647,True
317,0.994,81,0.153,False,6.287,4.815,0.263,13.421,84,36,19.647,True
318,1.0,72,0.149,False,5.729,6.681,-0.316,20.211,36,81,19.925,True
319,0.999,62,0.11,False,5.357,7.267,-0.474,21.842,28,58,21.024,True
320,0.975,74,0.126,False,5.918,4.629,-0.235,20.882,25,74,17.464,True
321,0.986,76,0.125,False,5.899,4.102,-0.467,24.667,20,78,16.553,True
322,0.92,69,0.142,False,5.743,6.305,0.5,4.5,39,72,20.125,True
323,0.998,86,0.203,False,6.833,6.75,0.556,9.667,119,40,20.591,True
324,0.92,59,0.078,False,5.049,4.474,-0.176,18.588,23,38,17.263,True
325,0.952,61,0.145,False,5.128,6.018,-0.158,15.947,56,58,19.235,True
326,0.999,85,0.162,False,6.072,4.258,-0.053,17.316,41,86,19.026,True
327,0.998,73,0.13,False,5.798,7.964,0.158,14.895,79,23,19.235,True
328,1.0,76,0.142,False,5.813,5.77,-0.053,18.368,21,90,19.026,True
329,0.994,62,0.142,False,5.098,5.748,0.053,14.684,67,44,19.026,True
330,0.989,90,0.161,False,6.261,7.513,-0.333,21.0,36,90,15.811,True
331,0.996,63,0.116,False,5.038,6.77,-0.421,20.947,33,58,20.616,True
332,0.999,61,0.117,False,5.337,6.89,0.105,14.263,58,34,19.105,True
333,1.0,73,0.147,False,5.602,5.57,-0.158,19.105,32,83,19.235,True
334,0.997,61,0.107,False,5.181,6.663,0.0,16.0,65,19,18.0,True
335,1.0,72,0.182,False,5.948,7.009,0.316,12.105,102,41,19.925,True
336,0.918,60,0.21,False,5.584,5.293,-0.158,20.105,31,134,19.235,True
337,1.0,78,0.165,False,5.938,5.953,0.158,15.053,101,28,19.235,True
338,1.0,61,0.168,False,5.34,6.097,-0.105,16.632,41,91,19.105,True
339,0.999,81,0.179,False,7.118,5.123,0.368,13.158,115,25,20.248,True
340,1.0,83,0.198,False,6.494,6.176,0.105,16.263,122,33,19.105,True
341,0.988,73,0.116,False,5.544,5.366,-0.105,16.632,36,55,19.105,True
342,0.991,75,0.149,False,5.606,5.275,-0.316,20.895,36,81,19.925,True
343,0.97,60,0.144,False,5.111,6.031,0.053,13.684,60,53,19.026,True
344,0.998,77,0.17,False,6.003,3.507,0.0,17.0,108,25,19.0,True
345,0.994,61,0.157,False,5.16,5.647,-0.158,16.947,44,79,19.235,True
346,0.995,75,0.116,False,5.667,4.972,-0.053,17.368,21,70,19.026,True
347,0.951,75,0.14,False,6.075,5.306,0.056,16.611,86,24,18.028,True
348,0.996,65,0.111,False,5.267,6.014,-0.053,16.316,31,56,19.026,True
349,1.0,76,0.152,False,5.59,5.84,-0.263,19.842,30,89,19.647,True
350,0.988,80,0.131,False,6.112,4.424,0.176,14.941,76,27,17.263,True
351,0.997,64,0.182,False,5.59,5.262,-0.105,16.632,56,87,19.105,True
352,1.0,76,0.106,False,6.406,7.635,0.263,13.158,59,24,19.647,True
353,0.999,66,0.144,False,5.356,6.088,0.105,16.263,89,24,19.105,True
354,1.0,67,0.157,False,5.47,7.166,0.316,11.789,89,34,19.925,True
355,0.997,77,0.136,False,5.716,4.867,-0.25,22.25,19,88,16.492,True
356,0.999,80,0.161,False,6.148,4.12,-0.056,18.389,34,92,18.028,True
357,0.909,59,0.105,False,4.997,5.669,0.0,16.0,58,24,19.0,True
358,1.0,64,0.135,False,5.135,6.442,0.158,13.737,76,30,19.235,True
359,0.988,60,0.108,False,4.723,6.5,-0.158,17.947,22,63,19.235,True
360,0.995,87,0.152,False,6.555,4.348,-0.278,21.944,22,97,18.682,True
361,0.998,75,0.153,False,6.362,3.738,0.071,18.286,105,15,14.036,True
362,0.995,80,0.153,False,6.025,4.519,0.158,15.211,93,27,19.235,True
363,0.996,85,0.143,False,6.719,5.742,-0.056,19.389,18,94,18.028,True
364,0.982,61,0.121,False,5.232,5.641,-0.263,18.579,41,54,19.647,True
365,0.98,75,0.134,False,5.978,3.286,-0.533,27.333,17,88,17.0,True
366,0.999,67,0.143,False,5.257,4.911,0.053,14.684,79,33,19.026,True
367,0.995,60,0.08,False,5.22,6.819,-0.278,19.222,21,42,18.682,True
368,1.0,68,0.158,False,5.695,6.154,0.105,15.263,91,33,19.105,True
369,0.993,82,0.191,False,6.035,5.833,-0.158,18.947,42,108,19.235,True
370,1.0,47,0.14,False,5.316,6.667,-0.211,17.474,45,65,19.416,True
371,0.998,58,0.159,False,5.258,4.888,0.053,14.684,84,41,19.026,True
372,0.998,54,0.126,False,5.119,6.872,-0.562,24.062,31,68,18.358,True
373,0.902,72,0.128,False,5.989,5.607,-1.625,28.75,71,29,15.264,True
374,0.993,71,0.138,False,5.981,5.872,0.263,12.421,73,35,19.647,True
375,0.951,56,0.093,False,5.107,6.416,0.0,17.0,58,15,16.0,True
376,0.998,75,0.114,False,5.564,6.553,-0.5,23.0,29,60,20.125,True
377,0.945,86,0.139,False,6.715,3.047,0.111,16.333,77,32,18.111,True
378,0.973,65,0.11,False,5.416,6.083,-0.412,21.294,30,56,18.385,True
379,1.0,71,0.185,False,5.683,5.702,-0.053,17.316,36,109,19.026,True
380,0.994,66,0.105,False,5.33,6.201,0.0,16.0,57,25,19.0,True
381,0.986,63,0.106,False,4.936,6.631,-0.263,18.842,31,52,19.647,True
382,0.999,67,0.144,False,5.285,6.441,-0.105,17.737,24,89,19.105,True
383,0.923,80,0.142,False,5.198,5.536,-0.105,18.737,23,88,19.105,True
384,0.995,63,0.125,False,5.902,7.392,-0.6,23.8,43,55,17.493,True
385,0.999,55,0.139,False,5.416,5.894,0.105,13.368,72,37,19.105,True
386,0.996,86,0.198,False,6.219,7.252,-0.263,21.842,31,124,19.647,True
387,0.978,73,0.151,False,5.833,6.408,-0.278,19.667,41,77,18.682,True
388,1.0,61,0.158,False,5.308,6.8,0.158,13.895,88,36,19.235,True
389,0.994,58,0.233,False,6.016,6.877,0.765,0.647,55,128,21.401,True
390,1.0,70,0.154,False,5.737,5.376,0.105,15.368,87,34,19.105,True
391,1.0,77,0.204,False,5.928,5.115,-0.105,17.632,44,116,19.105,True
392,1.0,63,0.161,False,5.304,6.642,0.105,14.368,89,37,19.105,True
393,0.997,63,0.092,False,5.189,7.526,0.222,11.222,39,33,18.439,True
394,0.997,80,0.135,False,6.383,3.769,0.053,16.737,83,23,19.026,True
395,0.994,74,0.148,False,5.783,7.208,-0.938,31.438,22,94,21.932,True
396,0.998,82,0.128,False,6.185,3.944,-0.333,22.333,17,83,18.974,True
397,0.968,77,0.149,False,5.686,5.061,0.158,14.053,71,46,19.235,True
398,0.999,82,0.213,False,6.421,4.655,-0.105,19.632,25,142,19.105,True
399,0.999,73,0.145,False,5.685,5.628,-0.312,21.812,32,82,16.763,True
400,0.991,78,0.125,False,5.843,5.534,-0.059,17.529,28,70,17.029,True
401,1.0,70,0.145,False,5.358,5.695,-0.158,18.105,32,82,19.235,True
402,0.999,64,0.106,False,5.401,6.339,-0.111,16.889,26,57,18.111,True
403,0.998,72,0.185,False,5.858,7.715,0.778,1.778,58,87,22.804,True
404,0.999,54,0.203,False,5.698,7.003,0.812,-0.312,45,114,20.616,True
405,1.0,70,0.139,False,5.486,5.426,0.0,16.0,81,28,19.0,True
406,0.994,62,0.094,False,5.803,9.768,0.263,12.421,51,23,19.647,True
407,0.971,85,0.209,False,6.185,6.313,-2.0,39.0,102,62,20.125,True
408,0.996,81,0.19,False,6.421,5.135,0.421,10.474,85,64,20.616,True
409,0.998,68,0.108,False,5.591,7.993,0.053,15.632,62,23,19.026,True
410,0.999,76,0.11,False,5.649,5.556,-0.533,25.867,22,64,17.0,True
411,0.969,82,0.136,False,5.999,5.433,0.0,18.0,86,21,15.0,True
412,0.999,66,0.142,False,5.696,6.011,0.105,14.368,78,33,19.105,True
413,0.998,75,0.152,False,6.035,6.703,0.105,14.263,87,32,19.105,True
414,1.0,78,0.171,False,5.671,5.64,-0.368,21.579,38,96,20.248,True
415,0.989,53,0.128,False,5.212,6.075,0.211,13.316,72,28,19.416,True
416,1.0,66,0.14,False,5.341,5.896,-0.263,19.842,32,78,19.647,True
417,1.0,72,0.128,False,5.524,6.142,-0.167,19.5,24,76,18.248,True
418,0.999,76,0.122,False,5.67,4.854,-0.421,21.947,25,71,20.616,True
419,0.996,86,0.153,False,5.878,5.598,-0.263,20.579,26,94,19.647,True
420,0.998,76,0.108,False,5.831,3.671,-0.053,17.316,29,56,19.026,True
421,1.0,74,0.165,False,5.853,5.846,-0.105,17.632,36,93,19.105,True
422,0.995,62,0.13,False,5.011,6.099,0.158,12.895,61,41,19.235,True
423,1.0,64,0.124,False,5.046,5.709,-0.105,16.737,32,65,19.105,True
424,0.992,65,0.138,False,5.423,5.787,-0.143,20.571,20,88,14.142,True
425,0.999,65,0.115,False,5.157,6.201,-0.312,21.125,24,66,16.763,True
426,1.0,62,0.153,False,5.305,5.824,-0.105,17.632,34,86,19.105,True
427,0.999,71,0.107,False,5.396,6.342,-0.263,19.842,24,60,19.647,True
428,0.991,64,0.148,False,5.161,5.403,0.0,16.0,86,30,19.0,True
429,1.0,61,0.162,False,5.083,5.254,0.059,15.588,95,32,17.029,True
430,1.0,68,0.129,False,5.344,5.864,0.0,17.0,79,22,19.0,True
431,1.0,72,0.133,False,5.734,6.02,-0.211,19.263,30,74,19.416,True
432,0.905,72,0.119,False,5.396,7.019,-0.474,22.316,31,62,21.024,True
433,0.969,76,0.126,False,6.037,3.739,-0.211,20.053,25,74,19.416,True
434,0.999,92,0.166,False,7.103,5.536,0.0,19.0,111,19,18.0,True
435,0.998,74,0.158,False,5.674,4.461,-0.158,17.789,37,87,19.235,True
436,0.998,76,0.13,False,5.82,5.521,-0.222,19.556,28,74,18.439,True
437,0.969,68,0.139,False,5.814,5.449,-0.053,16.316,37,72,19.026,True
438,0.949,75,0.138,False,5.908,5.146,-0.5,24.0,28,80,17.889,True
439,0.999,75,0.177,False,5.761,5.731,-0.368,21.211,38,101,20.248,True
440,0.998,77,0.149,False,5.784,6.524,-0.526,24.684,30,87,21.471,True
441,0.951,75,0.159,False,5.921,5.02,-0.167,18.0,44,81,18.248,True
442,0.997,83,0.165,False,6.156,4.507,-0.333,22.333,31,98,18.974,True
443,0.999,77,0.151,False,5.836,5.399,-0.316,20.895,34,84,19.925,True
444,0.956,72,0.167,False,5.609,5.783,-0.316,19.895,37,94,19.925,True
445,1.0,74,0.172,False,5.741,5.245,-0.263,19.579,38,97,19.647,True
446,0.996,77,0.13,False,5.716,5.739,-0.588,25.294,30,72,19.723,True
447,0.999,70,0.131,False,5.47,6.72,-0.474,22.316,36,67,21.024,True
448,0.997,76,0.138,False,5.92,6.467,-0.579,25.053,35,73,21.954,True
449,0.999,78,0.189,False,6.046,5.063,-0.526,23.158,52,96,21.471,True
450,1.0,73,0.17,False,5.652,5.928,-0.474,23.316,36,97,21.024,True
451,1.0,76,0.138,False,5.707,5.306,-0.294,20.765,26,82,17.72,True
452,0.997,67,0.165,False,5.374,5.85,-0.526,24.158,35,94,21.471,True
453,0.999,75,0.163,False,5.645,5.413,-0.526,24.158,33,95,21.471,True
454,0.999,71,0.121,False,5.307,6.43,-0.368,20.579,32,63,20.248,True
455,0.997,81,0.147,False,5.76,6.426,-0.632,27.421,24,91,22.472,True
456,0.999,71,0.126,False,5.467,6.618,-0.421,21.947,30,69,20.616,True
457,0.997,70,0.128,False,5.391,6.902,-0.526,23.158,31,69,21.471,True
458,0.992,72,0.117,False,5.619,6.298,-0.444,22.667,29,63,19.698,True
459,0.982,68,0.101,False,5.383,6.663,-0.333,20.333,28,51,18.974,True
460,0.992,67,0.111,False,5.506,5.276,-0.471,23.765,23,64,18.788,True
461,0.989,75,0.131,False,5.675,5.361,-0.294,21.353,25,78,17.72,True
462,0.999,73,0.131,False,5.575,5.888,-0.389,21.722,32,71,19.313,True
463,0.984,73,0.126,False,5.777,7.524,-0.368,21.579,35,64,20.248,True
464,0.968,68,0.11,False,5.546,7.338,-0.611,24.278,31,55,21.095,True
465,0.96,69,0.114,False,5.529,7.645,-0.579,23.474,32,57,21.954,True
466,0.976,81,0.154,False,6.334,8.191,-0.824,28.588,37,84,22.023,True
467,0.957,63,0.128,False,5.887,8.271,-0.812,28.312,36,64,20.616,True
468,1.0,70,0.166,False,5.832,6.139,-0.105,16.737,43,87,19.105,True
469,1.0,71,0.151,False,5.864,6.098,-0.056,17.389,30,88,18.028,True
470,0.991,68,0.158,False,5.932,6.293,-0.421,21.947,44,80,20.616,True
471,0.988,63,0.159,False,5.678,5.423,-0.529,23.235,46,79,19.235,True
472,1.0,72,0.168,False,5.693,5.769,-0.105,16.737,44,88,19.105,True
473,1.0,72,0.181,False,5.869,5.26,-0.5,24.5,43,99,17.889,True
474,1.0,75,0.159,False,5.871,5.703,0.0,16.0,92,33,18.0,True
475,1.0,76,0.181,False,6.009,5.371,-0.263,19.842,44,98,19.647,True
476,1.0,82,0.181,False,6.088,5.561,-0.421,22.947,40,102,20.616,True
477,0.999,64,0.139,False,5.428,6.264,0.0,15.0,72,37,19.0,True
478,1.0,81,0.186,False,6.404,4.94,-0.111,18.778,35,111,18.111,True
479,1.0,73,0.159,False,5.789,5.482,-0.158,18.105,36,89,19.235,True
480,1.0,69,0.149,False,5.691,5.539,0.0,16.0,87,30,19.0,True
481,0.997,74,0.129,False,5.713,6.404,-0.5,23.5,34,67,20.125,True
482,0.998,70,0.121,False,5.448,6.488,-0.316,20.211,30,65,19.925,True
483,1.0,75,0.13,False,5.531,6.214,-0.368,21.579,29,73,20.248,True
484,0.995,68,0.124,False,5.476,6.246,-0.368,20.579,36,61,20.248,True
485,1.0,67,0.14,False,5.387,6.288,-0.316,20.211,37,73,19.925,True
486,0.998,71,0.151,False,5.639,5.217,-0.158,18.105,37,81,19.235,True
487,1.0,77,0.168,False,5.672,5.149,-0.368,21.211,36,96,20.248,True
488,0.993,84,0.168,False,6.041,5.843,-0.688,27.875,36,96,19.416,True
489,0.983,69,0.142,False,5.744,6.542,0.263,10.158,54,57,19.647,True
490,0.992,71,0.136,False,5.66,4.116,-0.053,17.316,40,67,19.026,True
491,0.998,71,0.152,False,5.704,4.178,0.053,15.684,76,43,19.026,True
492,0.999,76,0.173,False,5.75,3.999,-0.211,19.263,47,89,19.416,True
493,1.0,67,0.153,False,5.543,5.397,-0.053,16.316,39,81,19.026,True
494,0.999,74,0.17,False,5.875,4.898,-0.211,18.263,47,86,19.416,True
495,0.999,71,0.17,False,5.752,4.419,-0.105,17.632,40,93,19.105,True
496,1.0,68,0.176,False,5.836,4.959,0.053,15.684,102,36,19.026,True
497,1.0,70,0.144,False,5.646,5.966,0.0,16.0,82,31,19.0,True
498,1.0,64,0.135,False,5.399,6.915,-0.053,16.368,37,69,19.026,True
499,1.0,66,0.128,False,5.508,7.458,-0.053,17.368,29,71,19.026,True
